time_iso8601,stars_cumulative
2023-09-04 00:00:00+00:00,2
2023-09-05 00:00:00+00:00,4
2023-09-13 00:00:00+00:00,6
2023-09-14 00:00:00+00:00,7
2023-09-21 00:00:00+00:00,10
2023-09-24 00:00:00+00:00,11
2023-09-25 00:00:00+00:00,12
2023-09-26 00:00:00+00:00,207
2023-09-27 00:00:00+00:00,635
2023-09-28 00:00:00+00:00,755
2023-09-29 00:00:00+00:00,833
2023-09-30 00:00:00+00:00,880
2023-10-01 00:00:00+00:00,982
2023-10-02 00:00:00+00:00,1069
2023-10-03 00:00:00+00:00,1154
2023-10-04 00:00:00+00:00,1218
2023-10-05 00:00:00+00:00,1245
2023-10-06 00:00:00+00:00,1281
2023-10-07 00:00:00+00:00,1327
2023-10-08 00:00:00+00:00,1397
2023-10-09 00:00:00+00:00,1424
2023-10-10 00:00:00+00:00,1446
2023-10-11 00:00:00+00:00,1464
2023-10-12 00:00:00+00:00,1487
2023-10-13 00:00:00+00:00,1514
2023-10-14 00:00:00+00:00,1518
2023-10-15 00:00:00+00:00,1530
2023-10-16 00:00:00+00:00,1537
2023-10-17 00:00:00+00:00,1552
2023-10-18 00:00:00+00:00,1556
2023-10-19 00:00:00+00:00,1563
2023-10-20 00:00:00+00:00,1567
2023-10-21 00:00:00+00:00,1571
2023-10-22 00:00:00+00:00,1572
2023-10-23 00:00:00+00:00,1579
2023-10-24 00:00:00+00:00,1590
2023-10-25 00:00:00+00:00,1611
2023-10-26 00:00:00+00:00,1622
2023-10-27 00:00:00+00:00,1633
2023-10-28 00:00:00+00:00,1639
2023-10-29 00:00:00+00:00,1644
2023-10-30 00:00:00+00:00,1655
2023-10-31 00:00:00+00:00,1663
2023-11-01 00:00:00+00:00,1668
2023-11-02 00:00:00+00:00,1673
2023-11-03 00:00:00+00:00,1678
2023-11-04 00:00:00+00:00,1681
2023-11-05 00:00:00+00:00,1684
2023-11-06 00:00:00+00:00,1689
2023-11-07 00:00:00+00:00,1702
2023-11-08 00:00:00+00:00,1710
2023-11-09 00:00:00+00:00,1714
2023-11-10 00:00:00+00:00,1716
2023-11-11 00:00:00+00:00,1717
2023-11-12 00:00:00+00:00,1719
2023-11-13 00:00:00+00:00,1720
2023-11-14 00:00:00+00:00,1722
2023-11-15 00:00:00+00:00,1728
2023-11-16 00:00:00+00:00,1735
2023-11-17 00:00:00+00:00,1737
2023-11-19 00:00:00+00:00,1738
2023-11-20 00:00:00+00:00,1765
2023-11-21 00:00:00+00:00,1773
2023-11-22 00:00:00+00:00,1779
2023-11-23 00:00:00+00:00,1782
2023-11-24 00:00:00+00:00,1786
2023-11-25 00:00:00+00:00,1790
2023-11-26 00:00:00+00:00,1797
2023-11-27 00:00:00+00:00,1799
2023-11-28 00:00:00+00:00,1818
2023-11-29 00:00:00+00:00,1827
2023-11-30 00:00:00+00:00,1833
2023-12-01 00:00:00+00:00,1839
2023-12-02 00:00:00+00:00,1841
2023-12-03 00:00:00+00:00,1846
2023-12-04 00:00:00+00:00,1850
2023-12-05 00:00:00+00:00,1853
2023-12-06 00:00:00+00:00,1855
2023-12-07 00:00:00+00:00,1860
2023-12-08 00:00:00+00:00,1864
2023-12-09 00:00:00+00:00,1871
2023-12-10 00:00:00+00:00,1882
2023-12-11 00:00:00+00:00,1891
2023-12-12 00:00:00+00:00,1902
2023-12-13 00:00:00+00:00,1905
2023-12-14 00:00:00+00:00,1912
2023-12-15 00:00:00+00:00,1917
2023-12-16 00:00:00+00:00,1923
2023-12-17 00:00:00+00:00,1931
2023-12-18 00:00:00+00:00,1939
2023-12-19 00:00:00+00:00,1947
2023-12-20 00:00:00+00:00,1953
2023-12-21 00:00:00+00:00,1958
2023-12-22 00:00:00+00:00,1967
2023-12-23 00:00:00+00:00,1972
2023-12-24 00:00:00+00:00,1973
2023-12-25 00:00:00+00:00,1974
2023-12-26 00:00:00+00:00,1978
2023-12-27 00:00:00+00:00,1984
2023-12-28 00:00:00+00:00,1986
2023-12-29 00:00:00+00:00,1987
2023-12-30 00:00:00+00:00,1991
2023-12-31 00:00:00+00:00,1992
2024-01-01 00:00:00+00:00,1993
2024-01-02 00:00:00+00:00,1995
2024-01-03 00:00:00+00:00,1997
2024-01-04 00:00:00+00:00,2002
2024-01-05 00:00:00+00:00,2008
2024-01-06 00:00:00+00:00,2012
2024-01-07 00:00:00+00:00,2014
2024-01-08 00:00:00+00:00,2017
2024-01-09 00:00:00+00:00,2023
2024-01-10 00:00:00+00:00,2030
2024-01-11 00:00:00+00:00,2032
2024-01-12 00:00:00+00:00,2036
2024-01-13 00:00:00+00:00,2039
2024-01-14 00:00:00+00:00,2042
2024-01-16 00:00:00+00:00,2048
2024-01-17 00:00:00+00:00,2050
2024-01-19 00:00:00+00:00,2055
2024-01-20 00:00:00+00:00,2057
2024-01-21 00:00:00+00:00,2058
2024-01-22 00:00:00+00:00,2060
2024-01-23 00:00:00+00:00,2063
2024-01-24 00:00:00+00:00,2064
2024-01-25 00:00:00+00:00,2068
2024-01-27 00:00:00+00:00,2070
2024-01-28 00:00:00+00:00,2075
2024-01-29 00:00:00+00:00,2078
2024-01-31 00:00:00+00:00,2079
2024-02-01 00:00:00+00:00,2082
2024-02-03 00:00:00+00:00,2084
2024-02-04 00:00:00+00:00,2088
2024-02-06 00:00:00+00:00,2091
2024-02-07 00:00:00+00:00,2094
2024-02-08 00:00:00+00:00,2095
2024-02-09 00:00:00+00:00,2120
2024-02-10 00:00:00+00:00,2147
2024-02-11 00:00:00+00:00,2150
2024-02-12 00:00:00+00:00,2153
2024-02-13 00:00:00+00:00,2157
2024-02-14 00:00:00+00:00,2159
2024-02-15 00:00:00+00:00,2163
2024-02-16 00:00:00+00:00,2165
2024-02-17 00:00:00+00:00,2167
2024-02-18 00:00:00+00:00,2170
2024-02-19 00:00:00+00:00,2172
2024-02-20 00:00:00+00:00,2175
2024-02-21 00:00:00+00:00,2176
2024-02-22 00:00:00+00:00,2177
2024-02-24 00:00:00+00:00,2179
2024-02-25 00:00:00+00:00,2182
2024-02-26 00:00:00+00:00,2189
2024-02-28 00:00:00+00:00,2196
2024-02-29 00:00:00+00:00,2199
2024-03-01 00:00:00+00:00,2200
2024-03-04 00:00:00+00:00,2202
2024-03-05 00:00:00+00:00,2206
2024-03-06 00:00:00+00:00,2209
2024-03-07 00:00:00+00:00,2211
2024-03-08 00:00:00+00:00,2212
2024-03-11 00:00:00+00:00,2213
2024-03-12 00:00:00+00:00,2214
2024-03-13 00:00:00+00:00,2215
2024-03-15 00:00:00+00:00,2216
2024-03-18 00:00:00+00:00,2221
2024-03-19 00:00:00+00:00,2222
2024-03-20 00:00:00+00:00,2225
2024-03-21 00:00:00+00:00,2228
2024-03-22 00:00:00+00:00,2229
2024-03-23 00:00:00+00:00,2232
2024-03-26 00:00:00+00:00,2235
2024-03-27 00:00:00+00:00,2236
2024-03-29 00:00:00+00:00,2239
2024-03-30 00:00:00+00:00,2240
2024-03-31 00:00:00+00:00,2241
2024-04-02 00:00:00+00:00,2242
2024-04-03 00:00:00+00:00,2243
2024-04-05 00:00:00+00:00,2245
2024-04-06 00:00:00+00:00,2247
2024-04-07 00:00:00+00:00,2250
2024-04-08 00:00:00+00:00,2251
2024-04-09 00:00:00+00:00,2253
2024-04-10 00:00:00+00:00,2255
2024-04-11 00:00:00+00:00,2258
2024-04-14 00:00:00+00:00,2259
2024-04-15 00:00:00+00:00,2260
2024-04-16 00:00:00+00:00,2261
2024-04-17 00:00:00+00:00,2263
2024-04-19 00:00:00+00:00,2265
2024-04-22 00:00:00+00:00,2266
2024-04-27 00:00:00+00:00,2267
2024-05-01 00:00:00+00:00,2269
2024-05-03 00:00:00+00:00,2271
2024-05-04 00:00:00+00:00,2280
2024-05-05 00:00:00+00:00,2281
2024-05-06 00:00:00+00:00,2283
2024-05-07 00:00:00+00:00,2284
2024-05-08 00:00:00+00:00,2285
2024-05-12 00:00:00+00:00,2287
2024-05-13 00:00:00+00:00,2289
2024-05-14 00:00:00+00:00,2290
2024-05-16 00:00:00+00:00,2292
2024-05-17 00:00:00+00:00,2293
2024-05-18 00:00:00+00:00,2297
2024-05-19 00:00:00+00:00,2300
2024-05-20 00:00:00+00:00,2305
2024-05-21 00:00:00+00:00,2306
2024-05-22 00:00:00+00:00,2309
2024-05-23 00:00:00+00:00,2312
2024-05-24 00:00:00+00:00,2315
2024-05-25 00:00:00+00:00,2325
2024-05-26 00:00:00+00:00,2327
2024-05-27 00:00:00+00:00,2334
2024-05-28 00:00:00+00:00,2336
2024-05-29 00:00:00+00:00,2341
2024-05-31 00:00:00+00:00,2343
2024-06-01 00:00:00+00:00,2344
2024-06-02 00:00:00+00:00,2345
2024-06-03 00:00:00+00:00,2347
2024-06-05 00:00:00+00:00,2348
2024-06-06 00:00:00+00:00,2350
2024-06-09 00:00:00+00:00,2352
2024-06-10 00:00:00+00:00,2353
2024-06-11 00:00:00+00:00,2354
2024-06-13 00:00:00+00:00,2355
2024-06-14 00:00:00+00:00,2356
2024-06-15 00:00:00+00:00,2357
2024-06-16 00:00:00+00:00,2358
2024-06-17 00:00:00+00:00,2362
2024-06-18 00:00:00+00:00,2363
2024-06-19 00:00:00+00:00,2365
2024-06-23 00:00:00+00:00,2369
2024-06-25 00:00:00+00:00,2371
2024-06-26 00:00:00+00:00,2373
2024-06-27 00:00:00+00:00,2374
2024-06-29 00:00:00+00:00,2375
2024-07-01 00:00:00+00:00,2376
2024-07-02 00:00:00+00:00,2378
2024-07-03 00:00:00+00:00,2379
2024-07-04 00:00:00+00:00,2383
2024-07-06 00:00:00+00:00,2384
2024-07-07 00:00:00+00:00,2385
2024-07-09 00:00:00+00:00,2387
2024-07-10 00:00:00+00:00,2389
2024-07-11 00:00:00+00:00,2392
2024-07-12 00:00:00+00:00,2394
2024-07-13 00:00:00+00:00,2395
2024-07-14 00:00:00+00:00,2397
2024-07-15 00:00:00+00:00,2398
2024-07-16 00:00:00+00:00,2399
2024-07-18 00:00:00+00:00,2400
2024-07-21 00:00:00+00:00,2401
2024-07-22 00:00:00+00:00,2403
2024-07-23 00:00:00+00:00,2404
2024-07-24 00:00:00+00:00,2405
2024-07-25 00:00:00+00:00,2406
2024-07-28 00:00:00+00:00,2407
2024-07-30 00:00:00+00:00,2408
2024-07-31 00:00:00+00:00,2410
2024-08-02 00:00:00+00:00,2416
2024-08-03 00:00:00+00:00,2420
2024-08-04 00:00:00+00:00,2421
2024-08-05 00:00:00+00:00,2424
2024-08-06 00:00:00+00:00,2476
2024-08-07 00:00:00+00:00,2495
2024-08-08 00:00:00+00:00,2499
2024-08-09 00:00:00+00:00,2503
2024-08-10 00:00:00+00:00,2505
2024-08-11 00:00:00+00:00,2507
2024-08-12 00:00:00+00:00,2510
2024-08-13 00:00:00+00:00,2514
2024-08-16 00:00:00+00:00,2515
2024-08-17 00:00:00+00:00,2516
2024-08-18 00:00:00+00:00,2517
2024-08-20 00:00:00+00:00,2518
2024-08-21 00:00:00+00:00,2519
2024-08-22 00:00:00+00:00,2520
2024-08-23 00:00:00+00:00,2521
2024-08-26 00:00:00+00:00,2523
2024-08-27 00:00:00+00:00,2524
2024-08-28 00:00:00+00:00,2526
2024-08-30 00:00:00+00:00,2527
2024-08-31 00:00:00+00:00,2529
2024-09-02 00:00:00+00:00,2530
2024-09-06 00:00:00+00:00,2531
2024-09-07 00:00:00+00:00,2534
2024-09-13 00:00:00+00:00,2535
2024-09-15 00:00:00+00:00,2537
2024-09-16 00:00:00+00:00,2539
2024-09-19 00:00:00+00:00,2540
2024-09-21 00:00:00+00:00,2541
2024-09-22 00:00:00+00:00,2543
2024-09-23 00:00:00+00:00,2546
2024-09-24 00:00:00+00:00,2549
2024-09-25 00:00:00+00:00,2551
2024-09-26 00:00:00+00:00,2552
2024-09-27 00:00:00+00:00,2555
2024-09-29 00:00:00+00:00,2556
2024-09-30 00:00:00+00:00,2558
2024-10-01 00:00:00+00:00,2559
2024-10-02 00:00:00+00:00,2560
2024-10-03 00:00:00+00:00,2564
2024-10-04 00:00:00+00:00,2574
2024-10-05 00:00:00+00:00,2575
2024-10-08 00:00:00+00:00,2578
2024-10-09 00:00:00+00:00,2579
2024-10-11 00:00:00+00:00,2581
2024-10-12 00:00:00+00:00,2582
2024-10-15 00:00:00+00:00,2585
2024-10-17 00:00:00+00:00,2587
2024-10-20 00:00:00+00:00,2589
2024-10-21 00:00:00+00:00,2590
2024-10-23 00:00:00+00:00,2594
2024-10-24 00:00:00+00:00,2595
2024-10-25 00:00:00+00:00,2598
2024-10-30 00:00:00+00:00,2599
2024-10-31 00:00:00+00:00,2600
2024-11-02 00:00:00+00:00,2601
2024-11-03 00:00:00+00:00,2602
2024-11-04 00:00:00+00:00,2604
2024-11-05 00:00:00+00:00,2605
2024-11-06 00:00:00+00:00,2607
2024-11-08 00:00:00+00:00,2609
2024-11-10 00:00:00+00:00,2611
2024-11-14 00:00:00+00:00,2612
2024-11-15 00:00:00+00:00,2623
2024-11-16 00:00:00+00:00,2626
2024-11-17 00:00:00+00:00,2629
2024-11-18 00:00:00+00:00,2632
2024-11-19 00:00:00+00:00,2633
2024-11-20 00:00:00+00:00,2638
2024-11-21 00:00:00+00:00,2640
2024-11-23 00:00:00+00:00,2641
2024-11-24 00:00:00+00:00,2643
2024-11-25 00:00:00+00:00,2645
2024-11-26 00:00:00+00:00,2646
2024-11-29 00:00:00+00:00,2647
2024-12-01 00:00:00+00:00,2648
2024-12-02 00:00:00+00:00,2649
2024-12-03 00:00:00+00:00,2650
2024-12-06 00:00:00+00:00,2651
2024-12-09 00:00:00+00:00,2653
2024-12-10 00:00:00+00:00,2654
2024-12-13 00:00:00+00:00,2655
2024-12-19 00:00:00+00:00,2656
2024-12-20 00:00:00+00:00,2658
2024-12-23 00:00:00+00:00,2659
2024-12-24 00:00:00+00:00,2660
2024-12-26 00:00:00+00:00,2661
2024-12-27 00:00:00+00:00,2662
2024-12-28 00:00:00+00:00,2664
2024-12-29 00:00:00+00:00,2665
2024-12-31 00:00:00+00:00,2667
2025-01-02 00:00:00+00:00,2668
2025-01-03 00:00:00+00:00,2669
2025-01-04 00:00:00+00:00,2671
2025-01-05 00:00:00+00:00,2672
2025-01-06 00:00:00+00:00,2674
2025-01-08 00:00:00+00:00,2676
2025-01-09 00:00:00+00:00,2677
2025-01-11 00:00:00+00:00,2678
2025-01-13 00:00:00+00:00,2680
2025-01-15 00:00:00+00:00,2681
2025-01-16 00:00:00+00:00,2683
2025-01-18 00:00:00+00:00,2684
2025-01-21 00:00:00+00:00,2685
2025-01-22 00:00:00+00:00,2686
2025-01-24 00:00:00+00:00,2687
2025-01-25 00:00:00+00:00,2688
2025-01-28 00:00:00+00:00,2689
2025-01-29 00:00:00+00:00,2691
2025-01-30 00:00:00+00:00,2692
2025-01-31 00:00:00+00:00,2694
2025-02-01 00:00:00+00:00,2696
2025-02-02 00:00:00+00:00,2699
2025-02-03 00:00:00+00:00,2700
2025-02-05 00:00:00+00:00,2703
2025-02-06 00:00:00+00:00,2706
2025-02-07 00:00:00+00:00,2707
2025-02-08 00:00:00+00:00,2709
2025-02-09 00:00:00+00:00,2710
2025-02-10 00:00:00+00:00,2711
2025-02-11 00:00:00+00:00,2713
2025-02-12 00:00:00+00:00,2714
2025-02-13 00:00:00+00:00,2716
2025-02-15 00:00:00+00:00,2717
2025-02-17 00:00:00+00:00,2719
2025-02-18 00:00:00+00:00,2720
2025-02-19 00:00:00+00:00,2721
2025-02-20 00:00:00+00:00,2726
2025-02-21 00:00:00+00:00,2727
2025-02-22 00:00:00+00:00,2729
2025-02-23 00:00:00+00:00,2734
2025-02-24 00:00:00+00:00,2736
2025-02-26 00:00:00+00:00,2738
2025-02-27 00:00:00+00:00,2741
2025-02-28 00:00:00+00:00,2743
2025-03-02 00:00:00+00:00,2744
2025-03-03 00:00:00+00:00,2747
2025-03-05 00:00:00+00:00,2750
2025-03-11 00:00:00+00:00,2751
2025-03-13 00:00:00+00:00,2752
2025-03-17 00:00:00+00:00,2753
2025-03-18 00:00:00+00:00,2754
2025-03-19 00:00:00+00:00,2755
2025-03-20 00:00:00+00:00,2756
2025-03-23 00:00:00+00:00,2757
2025-03-24 00:00:00+00:00,2759
2025-03-25 00:00:00+00:00,2760
2025-03-26 00:00:00+00:00,2761
2025-03-28 00:00:00+00:00,2762
2025-03-29 00:00:00+00:00,2763
2025-03-30 00:00:00+00:00,2764
2025-04-02 00:00:00+00:00,2765
2025-04-03 00:00:00+00:00,2777
2025-04-04 00:00:00+00:00,2787
2025-04-05 00:00:00+00:00,2789
2025-04-07 00:00:00+00:00,2793
2025-04-08 00:00:00+00:00,2795
2025-04-10 00:00:00+00:00,2797
2025-04-11 00:00:00+00:00,2798
2025-04-12 00:00:00+00:00,2799
2025-04-13 00:00:00+00:00,2800
2025-04-14 00:00:00+00:00,2801
2025-04-15 00:00:00+00:00,2803
2025-04-16 00:00:00+00:00,2806
2025-04-17 00:00:00+00:00,2808
2025-04-19 00:00:00+00:00,2810
2025-04-23 00:00:00+00:00,2811
2025-04-24 00:00:00+00:00,2812
2025-04-27 00:00:00+00:00,2813
2025-04-28 00:00:00+00:00,2814
2025-04-29 00:00:00+00:00,2815
2025-04-30 00:00:00+00:00,2817
2025-05-01 00:00:00+00:00,2819
2025-05-02 00:00:00+00:00,2821
2025-05-04 00:00:00+00:00,2823
2025-05-07 00:00:00+00:00,2824
2025-05-08 00:00:00+00:00,2825
2025-05-09 00:00:00+00:00,2828
2025-05-10 00:00:00+00:00,2829
2025-05-11 00:00:00+00:00,2831
2025-05-12 00:00:00+00:00,2832
2025-05-14 00:00:00+00:00,2834
2025-05-15 00:00:00+00:00,2836
2025-05-17 00:00:00+00:00,2837
2025-05-18 00:00:00+00:00,2838
2025-05-19 00:00:00+00:00,2841
2025-05-20 00:00:00+00:00,2842
2025-05-22 00:00:00+00:00,2843
2025-05-23 00:00:00+00:00,2845
2025-05-24 00:00:00+00:00,2847
2025-05-25 00:00:00+00:00,2848
2025-05-26 00:00:00+00:00,2849
2025-05-27 00:00:00+00:00,2850
2025-05-28 00:00:00+00:00,2851
2025-05-29 00:00:00+00:00,2853
2025-05-30 00:00:00+00:00,2855
2025-05-31 00:00:00+00:00,2857
2025-06-01 00:00:00+00:00,2859
2025-06-02 00:00:00+00:00,2861
2025-06-04 00:00:00+00:00,2862
2025-06-05 00:00:00+00:00,2863
2025-06-08 00:00:00+00:00,2864
2025-06-09 00:00:00+00:00,2865
2025-06-10 00:00:00+00:00,2867
2025-06-11 00:00:00+00:00,2868
2025-06-17 00:00:00+00:00,2869
2025-06-20 00:00:00+00:00,2871
2025-06-21 00:00:00+00:00,2874
2025-06-23 00:00:00+00:00,2877
2025-06-24 00:00:00+00:00,2880
2025-06-26 00:00:00+00:00,2884
2025-06-27 00:00:00+00:00,2886
2025-06-29 00:00:00+00:00,2887
2025-06-30 00:00:00+00:00,2889
2025-07-02 00:00:00+00:00,2892
2025-07-03 00:00:00+00:00,2895
2025-07-04 00:00:00+00:00,2897
2025-07-05 00:00:00+00:00,2909
2025-07-06 00:00:00+00:00,2914
2025-07-07 00:00:00+00:00,2919
2025-07-08 00:00:00+00:00,2920
2025-07-10 00:00:00+00:00,2922
2025-07-11 00:00:00+00:00,2924
2025-07-14 00:00:00+00:00,2925
2025-07-15 00:00:00+00:00,2927
2025-07-16 00:00:00+00:00,2928
2025-07-18 00:00:00+00:00,2930
2025-07-20 00:00:00+00:00,2931
2025-07-21 00:00:00+00:00,2932
2025-07-22 00:00:00+00:00,2933
2025-07-23 00:00:00+00:00,2935
2025-07-25 00:00:00+00:00,2936
2025-07-26 00:00:00+00:00,2937
2025-07-27 00:00:00+00:00,2941
2025-07-28 00:00:00+00:00,2943
2025-07-29 00:00:00+00:00,2944
2025-07-31 00:00:00+00:00,2946
2025-08-02 00:00:00+00:00,2950
2025-08-03 00:00:00+00:00,2952
2025-08-05 00:00:00+00:00,2953
2025-08-08 00:00:00+00:00,2955
2025-08-09 00:00:00+00:00,2956
2025-08-10 00:00:00+00:00,2957
2025-08-11 00:00:00+00:00,2958
2025-08-12 00:00:00+00:00,2960
2025-08-14 00:00:00+00:00,2964
2025-08-15 00:00:00+00:00,2968
2025-08-16 00:00:00+00:00,2971
2025-08-18 00:00:00+00:00,2980
2025-08-19 00:00:00+00:00,3067
2025-08-20 00:00:00+00:00,3122
2025-08-21 00:00:00+00:00,3134
2025-08-22 00:00:00+00:00,3197
2025-08-23 00:00:00+00:00,3206
2025-08-24 00:00:00+00:00,3220
2025-08-25 00:00:00+00:00,3227
2025-08-26 00:00:00+00:00,3229
2025-08-27 00:00:00+00:00,3231
2025-08-28 00:00:00+00:00,3234
2025-08-29 00:00:00+00:00,3236
2025-08-31 00:00:00+00:00,3238
2025-09-01 00:00:00+00:00,3241
2025-09-02 00:00:00+00:00,3243
2025-09-03 00:00:00+00:00,3244
2025-09-04 00:00:00+00:00,3246
2025-09-05 00:00:00+00:00,3248
2025-09-06 00:00:00+00:00,3252
2025-09-08 00:00:00+00:00,3253
2025-09-09 00:00:00+00:00,3271
2025-09-10 00:00:00+00:00,3276
2025-09-11 00:00:00+00:00,3279
2025-09-12 00:00:00+00:00,3281
2025-09-13 00:00:00+00:00,3282
2025-09-14 00:00:00+00:00,3285
2025-09-15 00:00:00+00:00,3290
2025-09-16 00:00:00+00:00,3291
2025-09-17 00:00:00+00:00,3297
2025-09-18 00:00:00+00:00,3300
2025-09-19 00:00:00+00:00,3303
2025-09-21 00:00:00+00:00,3304
2025-09-22 00:00:00+00:00,3306
2025-09-23 00:00:00+00:00,3308
2025-09-24 00:00:00+00:00,3309
2025-09-25 00:00:00+00:00,3311
2025-09-26 00:00:00+00:00,3314
2025-09-27 00:00:00+00:00,3318
2025-09-28 00:00:00+00:00,3320
2025-09-29 00:00:00+00:00,3322
2025-09-30 00:00:00+00:00,3323
2025-10-01 00:00:00+00:00,3327
2025-10-02 00:00:00+00:00,3328
2025-10-08 00:00:00+00:00,3330
2025-10-09 00:00:00+00:00,3334
2025-10-10 00:00:00+00:00,3340
2025-10-11 00:00:00+00:00,3342
2025-10-12 00:00:00+00:00,3345
2025-10-13 00:00:00+00:00,3348
2025-10-14 00:00:00+00:00,3350
2025-10-15 00:00:00+00:00,3351
2025-10-17 00:00:00+00:00,3365
2025-10-18 00:00:00+00:00,3371
2025-10-19 00:00:00+00:00,3375
2025-10-20 00:00:00+00:00,3385
2025-10-21 00:00:00+00:00,3391
2025-10-22 00:00:00+00:00,3393
2025-10-23 00:00:00+00:00,3394
2025-10-24 00:00:00+00:00,3396
2025-10-25 00:00:00+00:00,3398
2025-10-26 00:00:00+00:00,3399
2025-10-28 00:00:00+00:00,3402
2025-10-29 00:00:00+00:00,3403
2025-10-30 00:00:00+00:00,3404
2025-10-31 00:00:00+00:00,3407
2025-11-02 00:00:00+00:00,3411
2025-11-03 00:00:00+00:00,3413
2025-11-05 00:00:00+00:00,3414
2025-11-06 00:00:00+00:00,3416
2025-11-07 00:00:00+00:00,3417
2025-11-11 00:00:00+00:00,3418
2025-11-12 00:00:00+00:00,3421
2025-11-15 00:00:00+00:00,3422
2025-11-16 00:00:00+00:00,3423
2025-11-18 00:00:00+00:00,3424
2025-11-19 00:00:00+00:00,3426
2025-11-20 00:00:00+00:00,3428
2025-11-21 00:00:00+00:00,3429
2025-11-22 00:00:00+00:00,3430
2025-11-23 00:00:00+00:00,3431
2025-11-24 00:00:00+00:00,3432
2025-11-25 00:00:00+00:00,3433
2025-11-28 00:00:00+00:00,3434
2025-11-29 00:00:00+00:00,3436
2025-12-01 00:00:00+00:00,3438
2025-12-02 00:00:00+00:00,3439
2025-12-03 00:00:00+00:00,3440
2025-12-04 00:00:00+00:00,3442
2025-12-05 00:00:00+00:00,3443
2025-12-06 00:00:00+00:00,3445
2025-12-07 00:00:00+00:00,3446
2025-12-08 00:00:00+00:00,3448
2025-12-09 00:00:00+00:00,3449
2025-12-13 00:00:00+00:00,3450
2025-12-14 00:00:00+00:00,3451
2025-12-15 00:00:00+00:00,3452
2025-12-18 00:00:00+00:00,3453
2025-12-19 00:00:00+00:00,3454
2025-12-21 00:00:00+00:00,3456
2025-12-24 00:00:00+00:00,3460
2025-12-25 00:00:00+00:00,3463
2025-12-27 00:00:00+00:00,3464
2025-12-28 00:00:00+00:00,3465
2025-12-29 00:00:00+00:00,3466
2026-01-01 00:00:00+00:00,3467
2026-01-03 00:00:00+00:00,3468
2026-01-04 00:00:00+00:00,3470
2026-01-05 00:00:00+00:00,3472
2026-01-06 00:00:00+00:00,3474
2026-01-09 00:00:00+00:00,3475
2026-01-10 00:00:00+00:00,3495
2026-01-11 00:00:00+00:00,3498
2026-01-12 00:00:00+00:00,3500
2026-01-13 00:00:00+00:00,3504
2026-01-14 00:00:00+00:00,3506
2026-01-15 00:00:00+00:00,3510
2026-01-16 00:00:00+00:00,3512
2026-01-17 00:00:00+00:00,3513
2026-01-18 00:00:00+00:00,3515
2026-01-21 00:00:00+00:00,3516
2026-01-22 00:00:00+00:00,3518
2026-01-23 00:00:00+00:00,3519
2026-01-29 00:00:00+00:00,3520
2026-01-30 00:00:00+00:00,3522
2026-02-01 00:00:00+00:00,3524
2026-02-02 00:00:00+00:00,3527
2026-02-05 00:00:00+00:00,3528
2026-02-08 00:00:00+00:00,3529
2026-02-09 00:00:00+00:00,3530
2026-02-10 00:00:00+00:00,3532
2026-02-11 00:00:00+00:00,3533
2026-02-12 00:00:00+00:00,3536
2026-02-13 00:00:00+00:00,3537
2026-02-14 00:00:00+00:00,3538
2026-02-15 00:00:00+00:00,3539
2026-02-16 00:00:00+00:00,3540
2026-02-17 00:00:00+00:00,3543
2026-02-19 00:00:00+00:00,3545
2026-02-20 00:00:00+00:00,3546
2026-02-21 00:00:00+00:00,3547
2026-02-24 00:00:00+00:00,3549
2026-02-26 00:00:00+00:00,3551
2026-03-02 00:00:00+00:00,3553
2026-03-03 00:00:00+00:00,3554
2026-03-04 00:00:00+00:00,3555
2026-03-05 00:00:00+00:00,3558
2026-03-07 00:00:00+00:00,3560
2026-03-08 00:00:00+00:00,3561
2026-03-09 00:00:00+00:00,3562
2026-03-12 00:00:00+00:00,3587
2026-03-13 00:00:00+00:00,3601
2026-03-15 00:00:00+00:00,3603
2026-03-16 00:00:00+00:00,3604
2026-03-17 00:00:00+00:00,3605
2026-03-18 00:00:00+00:00,3607
2026-03-19 00:00:00+00:00,3608
2026-03-21 00:00:00+00:00,3609
2026-03-24 00:00:00+00:00,3610
2026-03-25 00:00:00+00:00,3611
2026-03-28 00:00:00+00:00,3612
2026-03-29 00:00:00+00:00,3613
2026-03-30 00:00:00+00:00,3618
2026-03-31 00:00:00+00:00,3619
2026-04-03 00:00:00+00:00,3621
2026-04-05 00:00:00+00:00,3622
2026-04-08 00:00:00+00:00,3625
2026-04-09 00:00:00+00:00,3627
2026-04-11 00:00:00+00:00,3628
2026-04-12 00:00:00+00:00,3630
2026-04-13 00:00:00+00:00,3631
2026-04-19 00:00:00+00:00,3634
2026-04-20 00:00:00+00:00,3635
2026-04-21 00:00:00+00:00,3636
2026-04-22 00:00:00+00:00,3637
2026-04-23 00:00:00+00:00,3638
2026-04-24 00:00:00+00:00,3640
2026-04-26 00:00:00+00:00,3642
2026-04-28 00:00:00+00:00,3644
2026-04-29 00:00:00+00:00,3645
2026-04-30 00:00:00+00:00,3646
2026-05-02 00:00:00+00:00,3647
2026-05-05 00:00:00+00:00,3648
2026-05-06 00:00:00+00:00,3649
2026-05-07 00:00:00+00:00,3650
2026-05-08 00:00:00+00:00,3651
2026-05-10 00:00:00+00:00,3654
2026-05-11 00:00:00+00:00,3657
2026-05-13 00:00:00+00:00,3660
2026-05-14 00:00:00+00:00,3661
2026-05-16 00:00:00+00:00,3662
2026-05-17 00:00:00+00:00,3663
2026-05-19 00:00:00+00:00,3665
2026-05-22 00:00:00+00:00,3666
2026-05-23 00:00:00+00:00,3667
2026-05-24 00:00:00+00:00,3668
2026-05-25 00:00:00+00:00,3669
2026-05-27 00:00:00+00:00,3670
2026-05-28 00:00:00+00:00,3671
2026-05-31 00:00:00+00:00,3672
2026-06-02 00:00:00+00:00,3674
2026-06-06 00:00:00+00:00,3676
2026-06-07 00:00:00+00:00,3677
2026-06-09 00:00:00+00:00,3678
2026-06-10 00:00:00+00:00,3680
2026-06-11 00:00:00+00:00,3681
2026-06-15 00:00:00+00:00,3682
2026-06-16 00:00:00+00:00,3683
2026-06-17 00:00:00+00:00,3685
2026-06-19 00:00:00+00:00,3686
2026-06-20 00:00:00+00:00,3688
2026-06-21 00:00:00+00:00,3689
2026-06-22 00:00:00+00:00,3691
2026-06-23 00:00:00+00:00,3692
2026-06-24 00:00:00+00:00,3694
2026-06-25 00:00:00+00:00,3695
2026-06-26 00:00:00+00:00,3696
2026-06-27 00:00:00+00:00,3697
2026-06-30 00:00:00+00:00,3698
2026-07-02 00:00:00+00:00,3699
2026-07-03 00:00:00+00:00,3700
2026-07-05 00:00:00+00:00,3701
2026-07-06 00:00:00+00:00,3702
2026-07-09 00:00:00+00:00,3704
2026-07-12 00:00:00+00:00,3706
2026-07-14 00:00:00+00:00,3717
2026-07-15 00:00:00+00:00,3733
2026-07-16 00:00:00+00:00,3737
2026-07-17 00:00:00+00:00,3740
2026-07-19 00:00:00+00:00,3741
2026-07-20 00:00:00+00:00,3743
2026-07-22 00:00:00+00:00,3744
2026-07-24 00:00:00+00:00,3746
2026-07-25 00:00:00+00:00,3747
2026-07-26 00:00:00+00:00,3748
2026-07-27 00:00:00+00:00,3749
2026-07-28 00:00:00+00:00,3752
2026-07-29 00:00:00+00:00,3754
2026-07-30 00:00:00+00:00,3755
2026-08-02 00:00:00+00:00,3756
2026-08-03 00:00:00+00:00,3757
2026-08-04 00:00:00+00:00,3758
2026-08-05 00:00:00+00:00,3762
2026-08-06 00:00:00+00:00,3763
2026-08-13 00:00:00+00:00,3764
2026-08-15 00:00:00+00:00,3765
2026-08-16 00:00:00+00:00,3766
2026-08-18 00:00:00+00:00,3767
2026-08-19 00:00:00+00:00,3768
2026-08-20 00:00:00+00:00,3769
2026-08-21 00:00:00+00:00,3771
2026-08-22 00:00:00+00:00,3772
2026-08-23 00:00:00+00:00,3773
2026-08-25 00:00:00+00:00,3775
2026-08-26 00:00:00+00:00,3776
2026-08-27 00:00:00+00:00,3778
2026-08-28 00:00:00+00:00,3780
2026-08-29 00:00:00+00:00,3782
2026-08-30 00:00:00+00:00,3783
2026-09-02 00:00:00+00:00,3785
2026-09-04 00:00:00+00:00,3786
2026-09-14 00:00:00+00:00,3787
2026-09-15 00:00:00+00:00,3789
2026-09-17 00:00:00+00:00,3790
2026-09-19 00:00:00+00:00,3791
2026-09-20 00:00:00+00:00,3794
2026-09-22 00:00:00+00:00,3796
2026-09-23 00:00:00+00:00,3797
